"pseudo_id","usia","kelas","kehadiran_persen","rata_nilai","penghasilan_keluarga_bulan","skor_risiko","status_risiko","rekomendasi_bansos"
"3581d74bcc6541ebf217e1fad6fa0a62",18,12,93,83,2700000,2,Rendah,Verifikasi Lapangan
"8563e690e83bd0e2e573de46dc8928f7",14,7,83,67,2100000,5,Sedang,Verifikasi Lapangan
f26bae73434daf514bb0ed1fe5762b5b,13,7,79,69,3900000,3,Rendah,Verifikasi Lapangan
"1609fbbaf1bb0d620dba1218057e07a0",13,7,84,66,2300000,5,Sedang,Verifikasi Lapangan
f460caca66f50f64f74ac49e55872f93,17,11,81,76,1900000,2,Rendah,Verifikasi Lapangan
ddd85174e9d66719fce322193d780eed,16,10,87,62,1000000,12,Tinggi,PKH Prioritas
d74504cf234c059c054efe47da2220a9,16,11,70,84,2300000,5,Sedang,Verifikasi Lapangan
fb13de0019eafd6cdd7e88e53a978745,16,10,87,71,3900000,0,Rendah,—
"4d7767391817b8087adb9533ba78ed37",16,11,76,68,800000,10,Tinggi,PKH Prioritas
cba82967bc35085864fc1541a62f1363,16,11,93,82,2300000,3,Rendah,Verifikasi Lapangan
ce6ad1c39bf163c0690e4a59b9f9a293,18,12,76,68,2600000,7,Sedang,Bansos Daerah
ed0e76900320b30025e7a001d9a3f3d6,15,9,76,85,1200000,6,Sedang,Bansos Daerah
"532e4dfa30d9189639d4588ebc477973",18,11,88,85,1300000,6,Sedang,Verifikasi Lapangan
dd1c55e0c76067bb5497a9174555dfc6,18,12,84,55,2600000,7,Sedang,Verifikasi Lapangan
b631ee8b14a22a248e213b594193b2f4,14,8,100,87,800000,10,Tinggi,Bansos Daerah
"661b23dd1a8299866f9c038c238d0cb7",15,9,66,53,2900000,11,Tinggi,Verifikasi Lapangan
"44d70d1629910fe3e837e5f493e5f894",17,11,85,88,1000000,5,Sedang,Bansos Daerah
fdb6631035965e6911481836315b01d0,14,7,96,99,5100000,3,Rendah,Verifikasi Lapangan
"7163c02365e6df15bce8a5f3efa628fb",13,8,77,84,14200000,4,Rendah,Verifikasi Lapangan
"1d26e4d2e97efdec87c8467729a210a5",15,8,73,44,1100000,15,Tinggi,Verifikasi Lapangan
"365e650dae1d20f8d096930a62998d70",18,12,74,86,3300000,3,Rendah,Verifikasi Lapangan
"83bc19cd757c3323aa6fb013c9f38d58",14,8,66,100,1200000,10,Tinggi,Bansos Daerah
ee1a84142ffb2ef62f0bdfa5ef0bd1cf,16,9,98,69,5000000,4,Rendah,Verifikasi Lapangan
"7ffe4850b0544107d2ac5ff727146a56",17,11,80,72,700000,8,Sedang,KIP Prioritas
"5be379a925b2751405e35061a3e4b71e",18,11,79,57,3200000,11,Tinggi,Bansos Daerah
"375292626a8d66a31fe6589f3f402925",13,7,60,77,1000000,11,Tinggi,Bansos Daerah
b5d93d13ec30604bd3a68821da4930f1,18,12,68,89,1800000,9,Sedang,Bansos Daerah
f40b5f4fc5a37c191aa6c07b4f2ea1ca,13,7,100,82,900000,10,Tinggi,PKH Prioritas
"63280fc9e40ce9f4eb3e4050e0e8cd7e",15,8,87,100,4200000,1,Rendah,—
"532378665fe1f4b60518b4c6250acea6",13,7,96,73,1100000,7,Sedang,Bansos Daerah
"423ad70f92882917ae3192f7fd96ac84",15,9,95,51,3400000,7,Sedang,Verifikasi Lapangan
"6d88a0938b57956f60040a8ca15fcbc5",18,11,72,75,1600000,14,Tinggi,KIP Prioritas
"7208d267f8c85e4ce1ccc3eee52b10f6",15,8,100,41,2000000,8,Sedang,Bansos Daerah
"5150cb7e80f0517072caf510da2a8980",13,7,100,66,2400000,6,Sedang,Verifikasi Lapangan
dc34ecb75b3ec6009ba25db8b3dfa48f,19,12,77,94,1100000,5,Sedang,Bansos Daerah
ad02fb871889351cb1fc8905538b4ac5,16,9,44,77,2600000,7,Sedang,Bansos Daerah
"8f38480fc890b066460bedeaf1fb3485",15,9,80,75,7400000,3,Rendah,—
"01de6ce9424d745e78f43eccf14ab112",13,7,86,96,1100000,5,Sedang,Bansos Daerah
"9792cfe250e59ecd40b9e2d4b3126050",17,11,77,69,5600000,6,Sedang,Bansos Daerah
d5c784bb8bb7e5f56c38486fb35af4d0,13,7,81,89,7200000,3,Rendah,Verifikasi Lapangan
a07028932095aa4110faf3017bb2c1fd,13,8,74,74,1100000,10,Tinggi,Bansos Daerah
"4a503c4a60cfbfe58da46ae7bb02752e",14,7,94,77,600000,7,Sedang,—
a9c22d8768ea37b1dbaf122a4db888ec,15,9,84,57,2800000,3,Rendah,Verifikasi Lapangan
"9a04f358f1f7cd9f9b42e63b850562e2",12,7,94,66,1400000,12,Tinggi,—
"0deab1aa72c6d7485645ad663a602fb1",16,11,97,54,9800000,8,Sedang,Verifikasi Lapangan
"71b379e073de76f0b128fdc3e62c85a3",18,12,60,71,2200000,9,Sedang,Bansos Daerah
"019cc99788c88893856920d5565f0f7f",15,10,75,78,1100000,7,Sedang,Bansos Daerah
aeb290f4446d551f2ea00810bb7a1e68,13,7,77,58,800000,7,Sedang,Bansos Daerah
"29e648ca3567bea16bf0c99abe8a30ab",17,11,100,99,5200000,6,Sedang,Bansos Daerah
b4c1b93d3d5e420401970b73cf3a1f92,18,11,85,76,1300000,4,Rendah,Verifikasi Lapangan
ecabaae457d39698d970a7c06007da22,18,12,92,73,2200000,6,Sedang,Verifikasi Lapangan
d9c5546e07a5dd56e2b705c376bfec7e,16,9,63,83,4700000,9,Sedang,Verifikasi Lapangan
b51a065ac5f9fcf9257efce839e3f38c,16,11,85,62,1400000,10,Tinggi,KIP Prioritas
"932cbb8d51f28936d4d4365fd457ec6c",17,11,94,75,2100000,3,Rendah,Bansos Daerah
df8ce651ffa46a1056b71ca3f4159fdb,18,11,93,63,2100000,8,Sedang,Verifikasi Lapangan
"92bf9b0b56e064c9feb1a2e0ddb34bfc",17,11,90,93,3800000,1,Rendah,—
"8e2dab18dfa296672354863203f4c2f1",13,8,84,59,3500000,7,Sedang,Verifikasi Lapangan
"27108a7486c8f07be8d98a5a0069f469",15,8,84,73,1800000,5,Sedang,Bansos Daerah
f70bec33698cef5edcfb9dc5cd1426ad,14,9,65,77,2300000,5,Sedang,Verifikasi Lapangan
"53b914b74e084aa46fda55bc2a48ac64",14,7,74,78,1600000,8,Sedang,KIP Prioritas
de52069cfb75e7d04a33da2537cbfbc0,17,11,86,65,600000,8,Sedang,Bansos Daerah
"07cc929ee3cb7b27bf45147ceaa86018",18,12,76,61,2700000,6,Sedang,Verifikasi Lapangan
c99269be6c3ecf66762a89e26fa74d4b,14,7,91,65,9900000,8,Sedang,Bansos Daerah
"1cc409ea433254328b2a4403ed5b6849",17,12,89,79,1000000,4,Rendah,Verifikasi Lapangan
"476a2e7df32531ff236d9838c4dfc9e5",13,7,99,71,1100000,9,Sedang,KIP Prioritas
"521db2de1effef9262154298a4047cdf",15,9,94,83,1000000,4,Rendah,Bansos Daerah
ae8983eb472cfbbe3ca02191a893d234,16,11,86,79,3900000,1,Rendah,—
"5ae4196d3d792c54bb9c85ada416fb10",17,11,92,43,3100000,6,Sedang,Bansos Daerah
"1632ce767b1df8d4255896abb11c7121",15,10,95,76,1900000,2,Rendah,Bansos Daerah
"058a7d1caee2d361d7a6c1ebaa87af67",18,12,78,100,1000000,6,Sedang,Bansos Daerah
d009faab7346cf6d12b7178df59f5ff5,13,7,80,90,2300000,5,Sedang,Bansos Daerah
"6dac3fcb10ab98e7b79222233809f6c7",13,7,82,78,600000,7,Sedang,PKH Prioritas
"651aebd4bf9ab0dc7ca608a238498c30",13,8,78,59,2400000,7,Sedang,Verifikasi Lapangan
"657bc5f903e8fc2813691b2c348f2267",16,10,95,79,4400000,1,Rendah,—
a575e9851c4f8289f9ab2297b8877f00,15,8,77,82,800000,8,Sedang,KIP Prioritas
"9bbf9c773bf5e34d3db40a7051f82ce6",14,8,97,69,600000,6,Sedang,Bansos Daerah
b67624a3eece8ae8d3c9e653759be48b,15,8,79,77,7700000,6,Sedang,Verifikasi Lapangan
fa55eeb8b3dabf66380f9872e634a95c,19,12,89,92,1300000,4,Rendah,Bansos Daerah
d2e33401815730e0a41d221d38684642,17,12,85,61,5400000,8,Sedang,Verifikasi Lapangan
"9a505515fbf1807dccc171d051b284cd",14,9,73,59,1900000,9,Sedang,Bansos Daerah
f69a9aefe25272888609e5d9ab2dc8bd,14,9,83,82,1900000,4,Rendah,Verifikasi Lapangan
"80c49dda23fc16ec401c11fdf5c0d439",14,8,87,78,3100000,5,Sedang,Bansos Daerah
b517d63f887b229776dbcec903ffdaf4,16,10,83,86,1000000,11,Tinggi,Bansos Daerah
"8d3b98a09442d9413ee7a8cf0827c634",13,7,69,80,2400000,4,Rendah,Bansos Daerah
"1c777a96c46e5f8fd108219b6f854115",19,12,100,65,1600000,8,Sedang,Verifikasi Lapangan
"6e63c705ee07bdcdd07a0d746790b330",15,10,84,78,700000,9,Sedang,Bansos Daerah
dc2c7cf314e75e079336166f1bfa8496,17,11,75,58,2800000,7,Sedang,Bansos Daerah
e718a98d6f88b8f1bde0f62464873936,18,12,100,69,1700000,7,Sedang,PKH Prioritas
c3b616e21243a2f126a0050f475c001f,18,12,90,79,1900000,1,Rendah,Verifikasi Lapangan
"85cd904cf6234e25e0eaf6b071256414",14,9,70,68,800000,10,Tinggi,KIP Prioritas
"28007291b3a1d62fe5855c69f60b59d3",12,7,72,100,7800000,8,Sedang,Verifikasi Lapangan
"6999c9119bf14806dc01c37206add8f8",13,7,81,48,4400000,9,Sedang,Verifikasi Lapangan
"34c1ab6d26df59d0ad6cd0b6e8385843",18,11,87,65,4700000,7,Sedang,Bansos Daerah
"6a8331ee877191e8f36f10afe2b40777",18,11,90,60,1700000,10,Tinggi,KIP Prioritas
"25abf9c43bae0cfe0a3c319373ffce78",17,12,94,63,500000,11,Tinggi,Bansos Daerah
a39b69f0359860f5f803817f1a21c06d,13,8,89,64,10400000,8,Sedang,Verifikasi Lapangan
"58af9108415622853832452b0177fb6b",16,9,98,55,2000000,13,Tinggi,Bansos Daerah
"3e363db80d52af840044e71c3840a72e",14,9,85,82,1200000,8,Sedang,KIP Prioritas
"790ef7d904a5db9358cd185238ae2243",18,12,75,65,3000000,4,Rendah,Bansos Daerah
"87d012dfc8abf33912f7241714436e98",16,10,83,75,5500000,3,Rendah,Verifikasi Lapangan
"8f1e4dc4b792372f1c5c319269629ecb",14,8,83,67,2100000,4,Rendah,Verifikasi Lapangan
"7468655e1d1d27e459e17dbfc685e5f5",19,12,55,64,6100000,8,Sedang,Verifikasi Lapangan
"3dd85f1cdc9be8cd3711768797d000d8",13,8,77,94,5200000,2,Rendah,Verifikasi Lapangan
"1e3282cda3452b4390644b7c420ca3cd",14,8,87,84,900000,5,Sedang,PKH Prioritas
f4ae511829f6b90868a132c711ac04f9,14,8,79,48,1200000,11,Tinggi,Bansos Daerah
"1f43b80250d56d76c8ec5eaae8bf31dc",19,12,76,47,4700000,7,Sedang,—
"9bcd3e5f031a4c56390e31a49fd294b4",15,9,94,86,400000,8,Sedang,—
"87b84d8cf1e5d4c6b0458004ede63204",14,9,73,66,1900000,10,Tinggi,PKH Prioritas
"9f01ac7d3786b2208898694ba81909a6",14,8,91,51,700000,13,Tinggi,KIP Prioritas
"2005d5977ea00951ba7f96e26cf26678",15,10,69,86,1500000,11,Tinggi,KIP Prioritas
"96163c7a670a20c00978bd3915c3f9b6",12,7,100,75,1700000,3,Rendah,Verifikasi Lapangan
"394303349394fa7d7c7544b4aba878c7",19,12,81,76,1600000,6,Sedang,Bansos Daerah
a8e714faaeaebb0a3683f6010289bfb9,14,7,80,83,1400000,4,Rendah,Verifikasi Lapangan
"36fadd89cf252a01a8b8c85b82469b02",15,10,96,55,900000,9,Sedang,Bansos Daerah
"6b066fdc3da241cfe83923d46fc9f09c",19,12,79,51,13700000,9,Sedang,Verifikasi Lapangan
"239f9a9f7a0b8341b923f2ea83d604ff",14,8,100,93,9800000,2,Rendah,Verifikasi Lapangan
"55ab676e905e61fb3e24a0ed5afe6ed0",15,9,88,54,800000,11,Tinggi,—
"03ccde886ccad0e3f14505de84d0bc25",12,7,82,57,7800000,9,Sedang,Verifikasi Lapangan
c389a0fbdfbf1791f1bd6aa25e74154c,17,11,81,59,1500000,9,Sedang,Bansos Daerah
fbb7be3eda7301472517d7f9d8d42b6b,16,11,97,100,2400000,6,Sedang,Bansos Daerah
"73905032eff74cfe4d5706122c570b73",16,10,86,79,2000000,3,Rendah,Verifikasi Lapangan
cfb462b1283016c102634f4ce846c570,14,8,88,85,1200000,5,Sedang,Verifikasi Lapangan
c8624eb64bcc935141a21254fbecde8d,12,7,89,75,4800000,8,Sedang,Bansos Daerah
"91043754d31ee2efe3beb79b8262e9d0",14,8,85,65,2400000,2,Rendah,Verifikasi Lapangan
"09b286d33932c22b87c0fb86f047e3a1",13,7,89,81,1500000,3,Rendah,PKH Prioritas
"315c9e039d8a03522c94079717830e7c",15,10,82,52,700000,13,Tinggi,PKH Prioritas
"488673f7ffccc17aecd09ef2ba7ba82d",16,10,83,58,1000000,12,Tinggi,Bansos Daerah
"754f9b4d23c27b5d9b2206eee75f4b39",17,11,71,82,500000,11,Tinggi,Bansos Daerah
"3013d142c620eeff19b3fbaf34dd9eb8",14,8,87,55,2200000,12,Tinggi,Bansos Daerah
a4210556030bd5bad7e2e5b68a00bf53,19,12,65,70,800000,7,Sedang,Bansos Daerah
"4a71862aaa86dad6db0025b17e663027",18,11,87,71,1700000,5,Sedang,—
e267956245cbf6e48a954afcea122aa7,14,8,80,66,6500000,5,Sedang,—
d051e853175b92c9bde034f40985de01,17,11,88,47,5700000,5,Sedang,—
"3ddcda4c82f4995adc856a3768c2b41b",17,12,72,64,2100000,9,Sedang,Verifikasi Lapangan
c7808fa2701ea68a9fe46f8904a3494b,16,9,60,62,2000000,13,Tinggi,Verifikasi Lapangan
"0292f5cccde9a4568183b6ec9cd20b61",14,9,80,75,9800000,8,Sedang,KIP Prioritas
d6a3b128982ca9b540db8e010dbee1ec,15,9,72,74,3300000,5,Sedang,Verifikasi Lapangan
"6ec8f21a4c46bbca7e797589c7e5da3c",15,9,64,77,1600000,8,Sedang,Bansos Daerah
df9696578c4098a76be7acf83607e376,12,7,92,64,700000,8,Sedang,Bansos Daerah
"9b8b23cdad236acb12b8021cae95b8b0",15,9,100,79,3000000,2,Rendah,Verifikasi Lapangan
"22f25aee8b8b5766ef4ce6b398a4cb3b",17,12,75,52,4200000,8,Sedang,—
b90bbe66ad73177d75a31391ded327f1,16,10,83,49,1300000,11,Tinggi,Bansos Daerah
"29e5457e6238f971fffeb5571f535995",16,10,80,42,2700000,7,Sedang,Bansos Daerah
"7dc3ac32b8cd293114573f8810d13892",14,7,76,66,1600000,4,Rendah,Bansos Daerah
fec308c19ee0bc149b1a72e09eeb898e,16,9,91,63,1800000,9,Sedang,Verifikasi Lapangan
db14a333a1ba1a1403545b9e5c547486,15,9,95,83,400000,5,Sedang,—
"756b62521c2040e8b2b3a39b8efd66b3",14,9,74,64,1800000,10,Tinggi,Bansos Daerah
e80368b8331e20cf6c946fe97db821c3,17,11,84,76,4700000,2,Rendah,—
abe4051256ef3446929f0253c6c86bcd,14,8,98,83,1300000,7,Sedang,Verifikasi Lapangan
"73c9e6d0ce5bf60d2c445133a38d4abd",17,11,91,64,2200000,8,Sedang,Bansos Daerah
ea1cef81f99ef6333641c6c1000a5dd8,13,8,93,76,1200000,5,Sedang,Bansos Daerah
"62243ce9827c07ee919a3f5919b5c2b3",15,9,99,86,2900000,4,Rendah,Verifikasi Lapangan
"572704000151659cd8d501f8bd5d39f3",15,9,98,56,1800000,7,Sedang,Bansos Daerah
"7e9b6b650e99173787704a85380f572c",16,11,95,73,1000000,6,Sedang,Bansos Daerah
"3e28b3fa8906ebfc625c5e1aa8133c12",17,11,85,64,6300000,6,Sedang,Verifikasi Lapangan
e0113e2407c5ab3ab55daf584b0ef246,15,8,79,57,4600000,9,Sedang,Verifikasi Lapangan
"378dea5a5014fa13a78d48cfd50152bd",17,10,85,53,1300000,7,Sedang,Verifikasi Lapangan
"4f4577ea60192ad80ba76c51d194a2e0",15,8,78,57,3200000,5,Sedang,Verifikasi Lapangan
b11b42e78ef2d033897dc9c88cd46c75,18,11,62,73,3300000,6,Sedang,Bansos Daerah
c80a5c290aff6238d5e7b8fbd572cb7e,18,12,80,52,3600000,10,Tinggi,—
"9195b765368271f5110baad360464514",17,11,87,65,500000,10,Tinggi,KIP Prioritas
"19db22a6656242c8c029f0036e84f9f1",19,12,77,83,4900000,3,Rendah,Verifikasi Lapangan
"57696fcb2bf3786d9866ea2ac52909ae",14,7,81,78,1300000,7,Sedang,Bansos Daerah
"24fff258d76d7d7e0e9bd62167a64086",17,11,82,66,1600000,8,Sedang,Bansos Daerah
"82758f9ff7d8ce226f354cc51d7851e9",13,7,98,94,15000000,0,Rendah,—
"141db60616a267e245c5e5de84803d04",15,10,80,97,2800000,5,Sedang,Bansos Daerah
"86937177b4a37bf0fb586df74024b0fd",15,8,98,73,1600000,5,Sedang,Bansos Daerah
"6bf2727ecd5b3db407ea33af38ea1453",17,12,54,40,400000,14,Tinggi,—
"538a5057894e90381319e3c727561dff",15,8,98,84,6600000,3,Rendah,Verifikasi Lapangan
"90442ba95052a3ed2ee18b1afb53cb7f",13,7,98,43,700000,11,Tinggi,PKH Prioritas
"1bed097b0240fe7a9521d11dcb8458cd",18,12,93,92,900000,3,Rendah,Bansos Daerah
"9f1f965340ad70eefb7c69ce37e8bda6",14,8,61,87,1600000,12,Tinggi,PKH Prioritas
"231c4adcbcc98c75539c0df4e8eaa115",16,11,95,96,6800000,3,Rendah,—
"2c2535fa8382f67437e0cf80d043cfad",14,9,83,76,4000000,3,Rendah,Verifikasi Lapangan
"4a97bf4a736679d14ab48cfe157c8739",13,7,56,68,1900000,10,Tinggi,Bansos Daerah
fa05a0d56378d5984a72b8640356c2dd,14,8,98,67,2800000,6,Sedang,Verifikasi Lapangan
db704364eb6a8e6559584839ae858134,13,7,99,65,1300000,7,Sedang,Bansos Daerah
ac1eb71c6318b23573d9ec9cc0b4369d,14,7,63,85,2400000,6,Sedang,Verifikasi Lapangan
"1217577456e6abab389abda4cfa3dcbf",19,12,85,82,2300000,3,Rendah,Verifikasi Lapangan
"00d5a856c807817aacc9ed3186f871fe",18,12,99,74,4700000,3,Rendah,—
"88999ebdf0bfdb629adab09f54478053",16,9,97,63,4700000,9,Sedang,Verifikasi Lapangan
"6ba9899f0fbe73dc8a719ea1ce71abf5",17,11,93,100,3200000,4,Rendah,Bansos Daerah
"300a4af02780ffda847349bef2326825",14,7,54,84,1600000,11,Tinggi,Bansos Daerah
"7ae1338453f7ca7939a17dc7ef6abb4f",13,8,92,52,3900000,8,Sedang,Bansos Daerah
"145ec05652f38438e66ce0d4c268f568",16,10,81,66,2000000,6,Sedang,Verifikasi Lapangan
"9b459f5bbbb1b728e2776fd780c6e766",14,7,94,85,900000,8,Sedang,—
"641220e9c51fc9cce3c092e370f75eba",13,7,86,62,1500000,8,Sedang,KIP Prioritas
a0f885f344347531ce09febde1002ac3,14,9,83,77,2300000,5,Sedang,Bansos Daerah
"3d89acfd58bb2c6e7ad46265da1a5dd0",16,11,91,85,4500000,2,Rendah,—
"85b4c9f4fa795770676bfe37b2add576",17,10,82,30,1800000,14,Tinggi,KIP Prioritas
"15469958cb92458366535ed78d9fb92f",18,12,83,71,800000,8,Sedang,KIP Prioritas
"7f06567381fd4cb81f2782bf69717ad6",18,12,77,72,2300000,6,Sedang,Verifikasi Lapangan
"4f2d6c8304d76c368744a8f66bfc24d8",13,8,66,67,2400000,6,Sedang,Bansos Daerah
bb742df2d7402632e508cdbd1442eb5c,16,10,90,76,2500000,3,Rendah,Verifikasi Lapangan
"8440ab3f7248e25097478b0631f3ded3",19,12,75,81,4500000,6,Sedang,Verifikasi Lapangan
"9b5ebb01bec4caa5ed3b22b6ab00b251",13,8,81,74,4900000,8,Sedang,Verifikasi Lapangan
"56f5e6b56844128dd68901fe99836ea9",17,11,87,68,1300000,9,Sedang,Bansos Daerah
"945febca859a6276b2ee3fe02c2aba92",13,8,61,81,1300000,8,Sedang,Bansos Daerah
c1da4ba9b046296c7c2eb6ff42a5612f,18,12,63,73,900000,12,Tinggi,PKH Prioritas
"459338673402704ca3a54493d1532e54",15,9,80,70,3800000,6,Sedang,Verifikasi Lapangan
"2b1c12e18c01830d6aafa62f7dbbe418",15,9,89,55,7000000,8,Sedang,Verifikasi Lapangan
"3b516cd710673472f1e1049059668d59",16,9,92,52,1700000,7,Sedang,Bansos Daerah
"2e4bed21877d698f6c4de02c55884103",17,12,66,55,1800000,8,Sedang,Verifikasi Lapangan
"357b655cc766b4a1a2c96266086be425",15,9,91,76,7100000,1,Rendah,—
d06aaca5a5aadb8b2f1fc75ca32d4594,17,10,81,71,3200000,2,Rendah,Verifikasi Lapangan
"51a97f832a63f4644a1f2799535ab164",17,11,74,53,3100000,7,Sedang,Verifikasi Lapangan
d0fbcf4d6356bb441c7dc1cfbb68904e,14,8,76,81,800000,9,Sedang,—
f620183d1bbd675b69c68edca5d64eac,15,8,92,90,3700000,0,Rendah,—
"30f661442cd0ebc4f62831427f9d2fdc",17,12,87,65,1000000,8,Sedang,Bansos Daerah
"8c0f0713ead13fa18f927ffbc496a338",15,9,84,50,800000,12,Tinggi,KIP Prioritas
"9300d92aa3ea3d5fa80659e2b44976c8",15,9,86,63,1600000,8,Sedang,KIP Prioritas
ce9494aba3665d8bd57a85dad0261ec2,14,7,94,84,1300000,3,Rendah,Verifikasi Lapangan
"6e0212324d8420a3effafd40c3edc948",17,11,82,80,1800000,3,Rendah,Verifikasi Lapangan
"4694110cb6e3dc30dbc5bc5f035acd0a",16,10,84,61,600000,11,Tinggi,PKH Prioritas
bf2ebf7a9794b1bd5cf9bab3d11fdb0c,14,8,96,92,4700000,1,Rendah,—
"97604a69fff66d4c547950ef966d2928",12,7,80,90,5400000,1,Rendah,—
da08d788c1c3ac9682a94e8a93f26787,12,7,90,63,400000,10,Tinggi,PKH Prioritas
"4fcb1ef47bda1ee4ac393eff849003b5",18,12,78,63,4800000,7,Sedang,Verifikasi Lapangan
a016a9fbab2a548e844b45e7aa598222,15,8,79,65,1100000,6,Sedang,Bansos Daerah
"6783b5d5727efebe8ec17e4fb2fc130e",19,12,82,66,4300000,5,Sedang,—
"9421d5f9c94b050283a2143928c5e831",15,10,89,85,2000000,3,Rendah,Verifikasi Lapangan
"8d3fab865ed3df64ba27f27e71ff936e",13,7,97,78,2200000,8,Sedang,Bansos Daerah
"9b705509db5c1c408b90f801402ebd9b",13,7,85,84,1800000,4,Rendah,Bansos Daerah
d1f2b96b664628641edec82f0f142593,18,11,67,81,5800000,4,Rendah,Verifikasi Lapangan
fe99203390c242871234a4209a249c7e,16,10,90,95,800000,4,Rendah,KIP Prioritas
f664771547364ccf310d46396a1ce99a,13,7,100,59,3500000,8,Sedang,—
"689fe933050ec7bd8f61646bbe2cdb95",17,10,85,77,5300000,2,Rendah,—
"843cdf57746a5732341c54df43af90ff",14,8,65,44,3900000,13,Tinggi,Verifikasi Lapangan
b2eabd82f36037b0131a0d2a5d7a7b14,14,9,85,55,14100000,6,Sedang,Verifikasi Lapangan
"3fe56837212b74ef1b5c0a39dfe7bac7",13,7,83,72,1400000,5,Sedang,Bansos Daerah
"08b2c6911fe3cf9cc5271670b67fb1dc",16,11,83,78,4700000,2,Rendah,—
fdfc82f7ee65e4671a20206e66aac805,15,8,94,71,2000000,2,Rendah,Verifikasi Lapangan
"4a807373a7dda8ffbff160d0e1ea112e",16,10,99,65,5900000,3,Rendah,—
"16c54029053057c851b412835d33a24f",19,12,91,67,2100000,6,Sedang,Verifikasi Lapangan
"09c699423a05c4a27e47c45c797cef4f",13,8,82,90,1600000,3,Rendah,Verifikasi Lapangan
"6f5ff0da3f638b80087e4bed1d932c91",13,7,96,68,6200000,5,Sedang,—
"8ad452c07af6829bcd29914cfcd7f76a",16,10,67,95,1400000,6,Sedang,Bansos Daerah
"10554bca38e776e93d657dc1dbc80e18",14,9,76,83,700000,6,Sedang,Bansos Daerah
"937e84e782e7cdaa03e0eae5051dde5b",14,8,77,78,1400000,7,Sedang,Bansos Daerah
"536e4b028970d96b330846f8d5a40bd1",13,7,83,57,3600000,5,Sedang,Verifikasi Lapangan
"9829866f45a4a60679d200f6f09c8d98",17,11,89,85,6600000,0,Rendah,—
"27d85ec3594cfba304a70673419c9664",18,12,81,66,2400000,5,Sedang,Verifikasi Lapangan
f534b6804f3c068d8b3c66188e52cc81,16,10,74,57,6300000,8,Sedang,Bansos Daerah
"8e45e621e777c504498b38400c119288",14,8,94,79,700000,8,Sedang,—
"4460ff14c74989ece66f7f909784a3d2",13,8,81,54,1500000,11,Tinggi,—
fc70e0694be398b0d41b6b47b664b189,15,9,85,63,1700000,7,Sedang,Bansos Daerah
"3673fc35210889990c9702cbcbb77c3f",15,9,90,72,2000000,4,Rendah,Bansos Daerah
"79f4d688a2ece1ccfd2f216580b6df5f",17,11,84,100,2300000,5,Sedang,Bansos Daerah
"3b79b737e59a1e8f7426df70137a7949",19,12,84,64,3800000,5,Sedang,Verifikasi Lapangan
"3f02c5279c0701a1318d416f62cdaef2",16,11,95,67,1500000,7,Sedang,Bansos Daerah
"47f87d439bcdca79e13a8ffe232e3a5d",13,7,85,82,2400000,4,Rendah,Bansos Daerah
ea8f768b945e83529845e041289d085a,13,7,93,56,2100000,8,Sedang,Bansos Daerah
d02bb07a61014f5ae7028ac3527faf20,18,11,89,78,1000000,8,Sedang,KIP Prioritas
"94526145e15e5609e72b79593f3188d6",18,12,100,88,2000000,3,Rendah,Verifikasi Lapangan
"0d03465e232d7d3633eb57004cafee3c",16,11,88,69,1900000,3,Rendah,Verifikasi Lapangan
cde8b0ba0ccc28c4a4f356d005b3cda8,17,12,91,86,1900000,4,Rendah,Bansos Daerah
"49dbd3a696a876a0082d70305e228354",18,12,96,76,2200000,3,Rendah,Verifikasi Lapangan
dd9680836e26d408b5b7b7211c25379b,17,10,84,63,2300000,8,Sedang,Verifikasi Lapangan
"9a034de3594270bdf6cabd9e1460ff87",19,12,76,70,1500000,6,Sedang,Bansos Daerah
f90ffe2a9e6333c990caa031aab9a7ae,16,9,78,68,6000000,8,Sedang,Bansos Daerah
"09f185b1cb61ed6ea3d3dc1ba9e283cf",19,12,78,71,800000,8,Sedang,Bansos Daerah
"64859dbd6133522dcae34bd6aa9bd09a",17,12,73,74,1200000,8,Sedang,Verifikasi Lapangan
"335f5cb82ac367897ed66d5f4469dcb2",18,12,87,80,15000000,3,Rendah,—
f34b11dbdacf48b65c01935c4cb394c9,13,7,77,79,900000,10,Tinggi,PKH Prioritas
"79147ce9f88ead6e8bc8acb2572390ef",14,9,86,41,700000,10,Tinggi,KIP Prioritas
"74becce9b4a691a15c5d4c7984545884",16,9,82,71,3900000,3,Rendah,Verifikasi Lapangan
"1c9dea3a961807525747fd47383c44e2",18,11,83,53,400000,11,Tinggi,—
a997026f283b907bfda21d52be45b99d,16,10,90,69,1800000,7,Sedang,Bansos Daerah
aa6bafbc71283330acaff3b4ef7ce8ab,18,12,78,71,12200000,5,Sedang,Verifikasi Lapangan
"75e5959ef4ebc75fc6daf76a0aa580e9",14,8,91,85,600000,8,Sedang,KIP Prioritas
cb99e8c2497aba24513f4a833c26c169,16,10,100,72,400000,5,Sedang,Bansos Daerah
de07a8aa685b2ec0e961655e47cb099f,17,10,87,76,600000,7,Sedang,KIP Prioritas
c16b5eacfe61cab61848585b9f07d1ab,14,9,75,83,4500000,5,Sedang,Verifikasi Lapangan
"3633d6bb15891567c62bf3b277cb2e8b",15,10,77,88,5400000,6,Sedang,Bansos Daerah
be20b52b821cce31275b727fb33cd38c,18,12,81,71,1400000,5,Sedang,Bansos Daerah
"45ade94ff894f9f2ea6db3c67409ef6b",18,12,77,74,3800000,3,Rendah,—
"886eef1e5dec61238703a131f5631dfe",13,7,73,73,6600000,2,Rendah,—
"22d1635d21fec6aaf276978b29ba6787",18,12,85,65,9100000,3,Rendah,Verifikasi Lapangan
"2003903eb97ac1e8580ed114eb8307ee",18,12,81,63,1800000,8,Sedang,Bansos Daerah
"2110966178f96165338fb7884f2d2ed3",15,9,86,43,400000,11,Tinggi,KIP Prioritas
c3177b963e5b45c8767b47d0f285bb80,18,12,97,59,1100000,11,Tinggi,Bansos Daerah
"3406d2443b73d6341d39ffddd4673af0",13,7,81,49,1500000,10,Tinggi,Bansos Daerah
bc4235f2ccefc91c516e381db97eb903,13,8,70,89,1700000,3,Rendah,Bansos Daerah
"34adb899a53c8d97c8307202b4e51f6c",15,9,79,75,1800000,2,Rendah,Bansos Daerah
"10b1e14899e227f5c81b864446e47995",14,8,92,71,5300000,1,Rendah,—
"0aad5d8d70cedc36ba698a784b8a0bf0",15,9,91,63,6000000,4,Rendah,—
aaf857317de425fe981327d67f3dfd5e,17,11,89,73,1900000,4,Rendah,Bansos Daerah
c533f351316861d4f76c4515054c435a,16,10,77,61,5200000,8,Sedang,Verifikasi Lapangan
"2d1dd058b74718431770d9023054e8c3",16,11,92,75,2900000,3,Rendah,Bansos Daerah
f550b4ec2dad89e9fb080877e29513d5,18,12,94,76,2300000,5,Sedang,Verifikasi Lapangan
d8e0af11a559d50be91e264e27010a2b,14,8,76,61,4500000,5,Sedang,Verifikasi Lapangan
a116fbe3e56ce3fef375fae6488a1cc7,18,12,83,61,2300000,6,Sedang,Verifikasi Lapangan
"7a451fa36655790178b97e2c673b4bb8",16,10,100,85,11400000,2,Rendah,Verifikasi Lapangan
d447d379d54371d5e4a493cc80d60b5e,14,9,75,72,600000,5,Sedang,KIP Prioritas
"73415697a6513dc5fd9be18575af2cb2",15,10,65,62,1400000,12,Tinggi,Verifikasi Lapangan
"7469421f115a122962faf4a2c3a2ee09",12,7,99,68,1900000,6,Sedang,Bansos Daerah
aea2b1e1fe842030c348cb0a9131fd89,15,10,96,59,3100000,6,Sedang,KIP Prioritas
"989e2dfbfc51549df28527293d75c0b5",13,7,78,72,6000000,4,Rendah,Verifikasi Lapangan
"84e12a757343e72411d90fead62dd917",16,10,82,83,2100000,3,Rendah,Verifikasi Lapangan
a887f7c55a503ea25e5b0857b1b20436,14,7,70,72,700000,9,Sedang,KIP Prioritas
"6fb542837a94979c148001ea5c6d02ef",13,8,84,100,4300000,6,Sedang,Bansos Daerah
"387e8e7d5acb63f60ce94cee016cdc93",19,12,96,78,4000000,3,Rendah,Verifikasi Lapangan
d50fc867df5f3bdc9f5d382b90a72e5f,18,12,78,75,400000,6,Sedang,Bansos Daerah
adec1c4d1779720b1ae57a84168d478f,17,11,93,61,2100000,8,Sedang,Verifikasi Lapangan
e2488c3ab7733f6a5bd25ffc592ba8bb,19,12,89,69,600000,11,Tinggi,PKH Prioritas
"2518c52744537075c7ab007de53fcb36",15,9,90,62,1200000,6,Sedang,Bansos Daerah
e663889ea9ba1750dcf6a705f876d469,17,10,78,44,1000000,13,Tinggi,Verifikasi Lapangan
c0da6950ba603ee3c32f66b3d94b1a87,17,11,80,85,4200000,3,Rendah,Verifikasi Lapangan
aff5dfc2e88c9651b08a6930c781f6b6,16,9,63,66,2400000,9,Sedang,Bansos Daerah
adc0edcfcb4b92ccf93868fa3ea1d95f,14,9,77,63,700000,8,Sedang,Bansos Daerah
ae4b6c8985c0e55f4eee4ac7fd794027,12,7,96,75,4400000,3,Rendah,Verifikasi Lapangan
"54ade1245889909d41ff04d704d27935",18,12,73,79,600000,8,Sedang,KIP Prioritas
"7f0f93f3ae2be1e299aee756fba76260",15,8,75,68,2800000,3,Rendah,Verifikasi Lapangan
"9e965e4bb34c2836a6a356657cfa6562",15,8,91,72,1100000,6,Sedang,Bansos Daerah
"7f2f29ae822d366514521365eac2ac10",18,11,88,82,1600000,2,Rendah,Verifikasi Lapangan
"0cbdd13e975cb33012617f8a52825214",15,8,91,68,3200000,3,Rendah,Verifikasi Lapangan
"3b39c055599b33879e34e14bd9c0a9eb",16,10,71,76,3300000,6,Sedang,Verifikasi Lapangan
daefdf1a61d1509017c995e2a68439f3,14,8,100,51,6400000,8,Sedang,—
d7a1dfaa82e1372a304b5c72aa568c38,17,11,70,56,2000000,12,Tinggi,Verifikasi Lapangan
"5f7315d1197cd44865e762f5eee4a190",14,8,85,80,2800000,1,Rendah,Verifikasi Lapangan
"62d36db302396015405d16f2c72d23c4",16,10,82,56,1500000,4,Rendah,Bansos Daerah
"8c2c86bd5738731a7c37e38ca3956709",13,7,70,76,2500000,10,Tinggi,KIP Prioritas
b882063c4a9d4f60c7d378c15b52c8d7,18,11,79,71,3100000,5,Sedang,Bansos Daerah
"05189b08176ed86e59cedf7128fd5dfc",13,7,84,68,2000000,5,Sedang,Verifikasi Lapangan
"430fb31e03b69f35cc59539ea7ed3677",13,7,76,62,500000,8,Sedang,Bansos Daerah
"52905765c0c47610e75718666adebadd",12,7,94,84,2800000,2,Rendah,Verifikasi Lapangan
fbe2eea2f059ccb028c26342e0533f8b,15,9,82,95,2900000,3,Rendah,Bansos Daerah
be523c43f6cd521e4ef0910221c41037,18,12,69,76,1200000,8,Sedang,KIP Prioritas
"5fc51a6a1b61a336db6961f3805c4a31",16,9,68,77,700000,8,Sedang,Bansos Daerah
"1f767c91b98dd3e0990389d850d24223",17,12,90,64,7100000,5,Sedang,Verifikasi Lapangan
b80ff068d51582d947096d5a5baa39d6,13,7,67,57,3200000,8,Sedang,Verifikasi Lapangan
"89d0cf56274784086baf93f0120af2df",18,11,87,72,1800000,4,Rendah,Bansos Daerah
"63f64a500f53f91dda2f9e36c4b70e44",18,12,88,60,800000,9,Sedang,KIP Prioritas
"22e6c959703eb9814b11ff787300131e",16,10,73,49,1100000,14,Tinggi,Bansos Daerah
"2362312f87864e60c35c4bd570bb62ef",15,10,93,83,6200000,1,Rendah,Verifikasi Lapangan
"707b3c77ca66e09ddfd44ad4f44ba595",13,8,65,84,2400000,7,Sedang,Bansos Daerah
"12deee690b3455461132035529f0f4fb",18,12,87,61,1400000,8,Sedang,PKH Prioritas
"4832338296e3373d2f7ec50e2988f3ff",18,11,83,76,3300000,4,Rendah,Verifikasi Lapangan
"85f5277c0340069521078c64b2e110f9",16,9,82,86,1100000,10,Tinggi,Bansos Daerah
"435bf34bd13cb56b1e62b5e39d6051d2",13,7,71,75,7300000,4,Rendah,—
"61b3bf2ca03b28211d9f086532f24ef7",14,8,73,57,6400000,6,Sedang,—
d35e93d2a538294878665e812abf5c95,16,10,100,69,1500000,9,Sedang,Bansos Daerah
"90d323d6d5b9b7e6f17e26c91f8c8d2b",15,9,97,90,1300000,8,Sedang,Bansos Daerah
fc97990f06d15d5f04b4f0d51d5f2c4b,15,9,92,76,400000,7,Sedang,KIP Prioritas
"651181f20ba1992c68177ef2e8cfb755",13,7,94,80,600000,4,Rendah,Bansos Daerah
dace13e0f1b7bc542f534ce0cff0016a,19,12,93,77,700000,7,Sedang,—
a191b7356d2830479901471094bc7366,19,12,98,56,4800000,4,Rendah,—
ca6b30971a638f32fd40afc56d5da89f,17,10,80,61,2400000,9,Sedang,Verifikasi Lapangan
fd42d3985e32750bf4daa9bdb76002e2,18,11,84,64,1600000,9,Sedang,Bansos Daerah
a661e42084043e95659873b2772d94d5,15,9,67,77,700000,9,Sedang,—
ebd6df0a63e834c5d6e671c105cba28f,14,7,83,83,1700000,4,Rendah,Verifikasi Lapangan
c3c929e176fb48f502f529d5d62fc3a0,16,11,97,87,3200000,2,Rendah,Verifikasi Lapangan
ddee756aa6bc675cdfc76abcb358007e,17,12,76,61,3300000,7,Sedang,Verifikasi Lapangan
fcfa21e575f619e2020da398be91b6f4,17,10,95,78,400000,7,Sedang,—
"21dfca4e35ce0cd1988187c42f73ab15",19,12,85,88,1900000,6,Sedang,—
"2e6c46ab65722cc98599641d90ef5e42",15,9,68,60,700000,13,Tinggi,KIP Prioritas
d89a8dc4e332054ab2226aa7fe150a84,17,11,71,92,4500000,4,Rendah,Verifikasi Lapangan
a619d2983d627fd5727a1480762cf4bd,17,11,94,94,4100000,5,Sedang,Verifikasi Lapangan
"77dd697f6441505d35ac06d33974eba3",16,11,90,100,1000000,7,Sedang,KIP Prioritas
e51e4e13e70b4cd8b3f15c422315c382,14,9,85,76,1100000,5,Sedang,Bansos Daerah
"90124443f0da2d1c56d4d5a267a30a24",15,9,80,76,1500000,7,Sedang,Bansos Daerah
"19060e367f076673077ccbb6b8506b4f",19,12,86,83,400000,5,Sedang,Bansos Daerah
fc93d6f1ce6e70b0406c50700973f66d,15,8,93,83,2800000,2,Rendah,Bansos Daerah
"42c8a5ddb85bd1e6d589796e95f8d15a",18,12,100,87,1700000,5,Sedang,—
"106380e3d310c07a83f71237bea86d05",15,10,100,83,4700000,4,Rendah,Verifikasi Lapangan
"770442240feb3c8b0c8d93d771123004",12,7,88,71,900000,6,Sedang,KIP Prioritas
"15722b1cbf3cea8e11763a313f854e5d",18,11,82,88,1300000,10,Tinggi,—
"62cbc8881afc1d5a0d3b8677fb6fffc2",14,8,85,59,600000,13,Tinggi,KIP Prioritas
"3fe5c1882199260cc8140c6339578f90",13,7,89,73,900000,8,Sedang,KIP Prioritas
"0f8586937bbe465426fc431846bd240c",14,8,89,93,800000,4,Rendah,—
ca934914406923551486f3015aacd0f2,15,9,100,64,1200000,6,Sedang,Verifikasi Lapangan
"9dac1c16db49389d9d4072a7eed3411b",16,11,81,81,2400000,6,Sedang,Verifikasi Lapangan
f0ac2083757314a0b0bd59cf6dcec95f,19,12,100,78,1600000,4,Rendah,Bansos Daerah
"28b06085a9f847e443ed3ba636d01493",12,7,96,61,700000,8,Sedang,Bansos Daerah
d1b7af1f8a79443ac7503e0cc90123d0,13,7,82,67,1900000,7,Sedang,PKH Prioritas
"4b0702d4e3d7deb717e2b4938c899358",13,7,100,57,3500000,6,Sedang,Verifikasi Lapangan
e03917dca759a0097bbe1a37e96d558d,13,7,100,85,800000,3,Rendah,Bansos Daerah
"0f893a9b24ae07b9e4a038033d6bffab",12,7,78,69,4200000,9,Sedang,Bansos Daerah
"69743a92db4194350e30038c5b56e6f3",15,8,100,96,1100000,6,Sedang,Bansos Daerah
"50d32729f5ac6dba4cd3ef32cc7ac639",19,12,95,74,1400000,3,Rendah,Verifikasi Lapangan
"8283c6d240daa0f8728f0ffa8283bf21",17,11,100,70,3300000,4,Rendah,Verifikasi Lapangan
c18a9e05e5728c8995510ef98a44f008,14,9,79,68,1200000,10,Tinggi,KIP Prioritas
acd4340cf3957aefe2f0b45642a9b909,15,9,80,69,2200000,5,Sedang,Verifikasi Lapangan
"6f1b469b61d2bb00f69f4df19bac9dbc",17,12,61,74,1700000,10,Tinggi,Verifikasi Lapangan
a68691bde19a26c691e4858f944a1112,19,12,90,100,2400000,2,Rendah,Verifikasi Lapangan
e7c025ee8e60f199bdc486d0a47fb28c,15,9,88,68,400000,10,Tinggi,Bansos Daerah
"8d012349f4819b317fc2cb1dbf5b513e",15,9,77,69,500000,9,Sedang,Bansos Daerah
"14a5d578f4cf25f4226d1150a572e160",14,8,83,73,3600000,4,Rendah,Verifikasi Lapangan
"06c4eb5996f4b6362925a0fe9fd9ab17",16,10,69,87,5000000,3,Rendah,—
"9205615b0e0a918d53ed748fd50baf7a",17,11,97,54,1000000,12,Tinggi,PKH Prioritas
"7446dc3d2328264962a4d44f8874a9f4",14,7,78,78,1800000,8,Sedang,Bansos Daerah
"597c4de171e348039c944365e07af269",15,10,100,62,2700000,10,Tinggi,Bansos Daerah
b2774ffe89cc7d07c1a3abde83c03e72,17,12,82,80,3800000,3,Rendah,Verifikasi Lapangan
d8f9681b4778b57ad21d0c1b1a951480,14,9,75,66,400000,10,Tinggi,KIP Prioritas
"9f5be77af1654565e95425a788478ef5",16,10,79,43,1000000,12,Tinggi,KIP Prioritas
"5b1a2c5e28d6904a34274f7885ca29d3",17,11,68,77,1600000,8,Sedang,Bansos Daerah
"589046c6ff22a948d7f69d63e7979b6d",19,12,89,77,3800000,8,Sedang,KIP Prioritas
"62df5d07d861efd6d2b790d8da209b47",14,7,79,65,15000000,3,Rendah,—
"70d6d2f8e8cbe8c96c3077f351b9a3c5",13,7,96,64,1800000,8,Sedang,Bansos Daerah
e5db91fe98099406b79be2c4913924b3,17,11,80,55,700000,11,Tinggi,PKH Prioritas
c0ca91033363952f5097550a11ceffeb,17,11,99,83,3000000,6,Sedang,KIP Prioritas
eebfb05768cfb9238c04c2cdcbceb0b2,15,9,92,84,6300000,2,Rendah,Verifikasi Lapangan
"872e9cfce44e576898bfa3042efa1573",13,7,84,61,2300000,6,Sedang,Verifikasi Lapangan
"2b800d08c466b84ac6e7b5f6da0072cc",19,12,100,65,1000000,7,Sedang,Verifikasi Lapangan
"829d5e8e73012358194138b5b0fdf36c",16,10,94,72,4700000,1,Rendah,—
d85da4f2127301fe1d73b5bf647de4d4,18,12,100,100,3700000,4,Rendah,Verifikasi Lapangan
bb019585f3300e72ee0ab09d230ff98c,15,8,79,80,900000,10,Tinggi,—
bd938db474e88b4d86d752b75d3a8987,14,8,84,60,2900000,11,Tinggi,Verifikasi Lapangan
"88d68f496f67a3ffa1dcc73388ace4b1",18,11,100,76,4800000,3,Rendah,Verifikasi Lapangan
"082e169106bf9bd18833ae05e3f90524",14,9,67,55,5600000,9,Sedang,Bansos Daerah
"98865da2e0427577a49c74766178fa71",14,8,98,82,2000000,5,Sedang,Verifikasi Lapangan
"345d2b775999c6e4badb7536dcc93407",13,7,88,94,1600000,2,Rendah,Bansos Daerah
"173586fc087cbb22cea3f1e563c5d0fb",17,12,74,94,5800000,4,Rendah,—
"453cf4aaa2a32eaf203c93f782585929",19,12,69,82,800000,9,Sedang,Bansos Daerah
"79e6b3a030c67950b315dd2cb5686a4c",17,11,76,65,3100000,4,Rendah,Verifikasi Lapangan
"0026ac1c3d831433ad7784a8d13f653c",15,10,58,56,700000,16,Tinggi,KIP Prioritas
c99328ced02a675a16ff88945c0c311e,18,11,78,54,5100000,8,Sedang,Verifikasi Lapangan
"49c89fcffd2f5a78f8aabaf89f59dc30",16,10,90,36,1700000,8,Sedang,Bansos Daerah
"9f95b59f09ba170bc1f334b280290159",17,11,78,82,6000000,3,Rendah,—
"821abf5772d422ed4aa8fd9807276373",16,11,99,71,3200000,3,Rendah,Verifikasi Lapangan
ab6b05f38a8aaec7ed9c666bc701af61,18,11,100,84,800000,4,Rendah,KIP Prioritas
"80cbf4fccef451aa79b363e52142a9f8",16,10,98,91,6800000,6,Sedang,Bansos Daerah
"0ae6a2d1d8bf094b2fe87a6f5544d92b",17,10,86,74,7600000,4,Rendah,—
"786457d8e7a88252b8792d15335743c2",17,11,58,74,4400000,8,Sedang,Verifikasi Lapangan
cb71317407d73f5013ff2ec908c8c76a,14,8,76,66,1100000,6,Sedang,Verifikasi Lapangan
"3f25d04c7b228651b6d051fa53ed64a9",14,9,82,68,1700000,10,Tinggi,Bansos Daerah
"58f1b068ceecfe32ff68a49d04ce7b75",14,9,74,82,2400000,4,Rendah,Verifikasi Lapangan
"2428102dc3abc1c38ebe5ba33529e327",15,9,82,70,1200000,8,Sedang,Bansos Daerah
d7707e381c1013d5aca63e193f69b087,15,10,100,68,8500000,4,Rendah,Verifikasi Lapangan
"24aebec2aa9ff630c03bf5e2026173d6",17,10,65,72,2400000,7,Sedang,Verifikasi Lapangan
ac6a09ebdd0702c4120fffa6a528d3fb,14,8,100,84,400000,4,Rendah,Bansos Daerah
"378a429f3ce1468811c7f3a36e80d877",16,9,93,63,2800000,6,Sedang,Bansos Daerah
"306c7fc15705784a995636f8a28e54d6",15,9,86,72,1600000,3,Rendah,Bansos Daerah
"98cb0ae7dfb922f0efc947992931cadc",18,11,76,76,2000000,8,Sedang,Verifikasi Lapangan
"96ab80b14b576f15e92632a9be4f54e8",16,10,74,88,1600000,8,Sedang,Verifikasi Lapangan
"53a7388d111622e29f9801b6778f7219",16,9,66,69,4100000,6,Sedang,—
"23bdb7f4a7284a8e7578c11e165c3447",19,12,100,63,5300000,5,Sedang,Verifikasi Lapangan
bf13d1ddb49fabdc1485e67baf1da7b7,13,8,100,66,2700000,4,Rendah,Verifikasi Lapangan
"36bbccbec3cd176bc5bc2c4e5132d647",18,12,68,86,1600000,4,Rendah,Bansos Daerah
d45686d5146e43e9662edd82f4363856,18,12,77,99,2100000,7,Sedang,Verifikasi Lapangan
a619a4f8092fe83f7102f73a7be96bbb,14,8,88,55,2200000,6,Sedang,Verifikasi Lapangan
"8d06188fb602f52ddbda51b54bbe9783",19,12,80,58,1100000,11,Tinggi,Bansos Daerah
a65ca11a4ea99c170708eb11c3d8dd59,16,9,62,70,3400000,7,Sedang,Bansos Daerah
"7d2bcbd5fa20c8f4291bf8b28f02b5cb",16,10,76,74,3100000,8,Sedang,Verifikasi Lapangan
f0e0f097d4dedfb003df5994e33c1126,14,8,100,83,7500000,2,Rendah,—
a09b24ee34c8c362953c59436012b854,18,11,77,61,6000000,8,Sedang,Verifikasi Lapangan
e60107a5626d005002bcabe5f8d55fcc,18,12,82,59,1200000,14,Tinggi,KIP Prioritas
"59990eaa6bb185d018755b55ef852991",14,8,71,74,4200000,7,Sedang,Verifikasi Lapangan
a8d0a530a5a9bd8373d449dcee292bcb,13,7,90,69,1000000,8,Sedang,Bansos Daerah
f6c1d48bbf0826659a2850d28ff2c9d6,14,7,85,85,3800000,3,Rendah,—
"52c7029ff654cfadb475eb903d52c8c4",16,10,75,79,1400000,6,Sedang,Verifikasi Lapangan
f2776006b876bd0819f7947983287d13,15,9,69,80,900000,11,Tinggi,KIP Prioritas
d5643e44bbe8c5de4a9ed5fb40d8248d,16,10,99,71,2700000,2,Rendah,Verifikasi Lapangan
e09da6f21dfad8e0b961d9ec8adcfa2f,16,10,66,100,400000,10,Tinggi,—
"74442b40993a9eb8134c7f793acafa95",16,10,89,62,500000,12,Tinggi,—
"57dbdc4305201a837d9c28252b7f4740",16,10,60,80,1900000,7,Sedang,Verifikasi Lapangan
"945803b02de5a686f5753bd90a36d344",17,11,91,56,2300000,9,Sedang,Bansos Daerah
"4c1aafe5fff16c240c4fe7af8dd5d073",17,11,94,59,1600000,9,Sedang,Bansos Daerah
c38d30c43981ec2a05a3b3c50d9a5c94,15,8,96,65,600000,8,Sedang,—
d9903f5faef7ebf38679e2f1689e768e,13,7,82,94,1100000,7,Sedang,Bansos Daerah
"308275981815861262ee0c528a669517",17,10,100,76,3000000,2,Rendah,Verifikasi Lapangan
"2cbbbdb5d587073170db67f6f772bda0",14,8,100,65,3500000,7,Sedang,Verifikasi Lapangan
e35feb8730c32e3606a5d92db0df09da,13,7,80,77,2100000,3,Rendah,Verifikasi Lapangan
ff67e2cd5ecb890c294b0245301e16e9,18,12,79,73,5500000,5,Sedang,Verifikasi Lapangan
d3fa5e94d8a5bcf29ad8e0d017ca1d85,14,9,85,66,3000000,4,Rendah,Verifikasi Lapangan
cc3bcbb076a5661efd6112e6d7b4c470,18,11,78,54,1200000,9,Sedang,Bansos Daerah
"27a92a8ce3ce4fc8805771ca095d2d3f",19,12,77,91,1700000,7,Sedang,Bansos Daerah
"84ae582cb61b8de391e099f92c277d8d",13,7,78,75,700000,8,Sedang,PKH Prioritas
d3fefe80d460a7716b30241992f10a64,18,12,100,100,2000000,4,Rendah,Bansos Daerah
d22b7a92177e5fe018241b1b7d89bb2f,15,9,92,85,5300000,3,Rendah,—
b39dc1f51cd47b54286b6ccd23299fc6,12,7,78,80,3800000,3,Rendah,Verifikasi Lapangan
b74983a9aaa789c2773ece9d2d68eee1,18,12,56,67,6700000,10,Tinggi,Bansos Daerah
"8ede9cdf4a5f503e5685e8423b99da8f",16,11,67,58,1700000,8,Sedang,KIP Prioritas
"3a29f8f0df5d5d089ed593c74df9189f",17,11,89,70,6400000,5,Sedang,Verifikasi Lapangan
"7d255404162ff5942feb14cbd6c2cfd7",15,8,60,58,1800000,10,Tinggi,Bansos Daerah
ca4b9f069b89a65dbd48a921b2edc0b2,18,12,87,81,7100000,2,Rendah,Verifikasi Lapangan
"5ca400d24cb08320282ce67ad7a00681",17,10,72,94,2100000,5,Sedang,Verifikasi Lapangan
f9ba12be5fd9d14b177b78dc323d0878,18,12,85,69,3800000,4,Rendah,Verifikasi Lapangan
ce823f9f489f4bf4054eec6d1f90ffdb,13,7,84,85,7100000,7,Sedang,Verifikasi Lapangan
"42b64c72d046b36ab99345eb035b235c",13,7,85,64,1800000,3,Rendah,Bansos Daerah
"25a381de847d32011167fa14705cfc52",18,12,79,69,2600000,3,Rendah,Verifikasi Lapangan
e46a8abf95a5594768a0d964d66af5ee,15,9,79,62,6100000,9,Sedang,Verifikasi Lapangan
"051777f3a9f1b486b2398ebb6f7544ed",16,11,76,45,1900000,10,Tinggi,KIP Prioritas
d0afebcc0b23b41870df99c9b8cf1d09,13,7,89,72,700000,7,Sedang,—
"992d041a1f3fc1db60e61e7f07fedb91",17,11,92,74,12200000,2,Rendah,—
"7c72cd80a063340e598d202df6fed01d",12,7,70,86,1500000,4,Rendah,Bansos Daerah
d8e5117ac2b1083629b41046ec29d69f,14,8,83,83,2400000,5,Sedang,Bansos Daerah
"36c79dd687c077c64474d1ecd52db6ef",16,10,86,83,5500000,2,Rendah,Verifikasi Lapangan
f507590fe21b463466b6feb45a763954,12,7,86,60,1300000,9,Sedang,Bansos Daerah
"86f0dc28a43e87401d3de50d9d753846",16,11,85,78,900000,5,Sedang,PKH Prioritas
"25391bc878fe8ccf779c5e8388ad0cf0",15,8,79,93,2600000,5,Sedang,Bansos Daerah
"2136b849bffc10525fffa169ec3236a3",13,7,87,77,500000,6,Sedang,KIP Prioritas
"7eca279940bcf644d9e9bf8ce4134abd",16,9,90,96,1700000,5,Sedang,—
"8ed52254eee504ab23b21e354449ab8b",15,10,85,99,2600000,4,Rendah,Bansos Daerah
"6ab43a854a148a70e2d5de160a90c6a8",13,7,89,69,1700000,8,Sedang,KIP Prioritas
bb7eee6884b6cece99efa5e68b056f76,13,8,94,63,600000,13,Tinggi,PKH Prioritas
"19df8b5763706ea5b751d494a9b85cea",15,9,63,63,7800000,9,Sedang,Verifikasi Lapangan
"5003da7fec961900a442f3cba00e6ede",19,12,94,53,2300000,11,Tinggi,Bansos Daerah
a01276f997acbf869c83696e280ea495,15,8,87,66,6900000,2,Rendah,—
"17b15c9c42e9f93a50a189ac9c3499f7",15,8,71,88,1700000,5,Sedang,Verifikasi Lapangan
